acoustium,0,
adamant,0,
adamantite,0,
adamantium,0,
afraidium,0,
agreicite,0,
alkahest,0,
allanite,0,
amazounium,0,
andrium,0,
atmosphereum,0,
australium,0,
axonite,0,
balthazate,0,
balthorium,0,
basidiumite,0,
bassnium,0,
bathus,0,
bazoolium,0,
beerium,0,
berthus,0,
deotheg,0,
ekadeus,0,
furtenvak,0,
garutrax,0,
hopamgus,0,
jopecot,0,
monquis,0,
noterus,0,
operhound,0,
pertusok,0,
sevuser,0,
uposan,0,
vaqestek,0,
wesaprek,0,
yartoid,0,
ceperiod,0,
dapothan,0,
gashitron,0,
aarmrtea,0,
tkxziuis,0,
gmrridie,0,
biueiuma,0,
irianuee,0,
adsriudn,0,
blotakmx,0,
grrtuuai,0,
aephorit,0,
anpmiire,0,
xaqrntee,0,
dlpeakdi,0,
gaxettta,0,
aeogitmk,0,
aclansni,0,
airaamas,0,
aaaaoiii,0,
aastrkst,0,
baadises,0,
aqtdinnm,0,
bzzkhsdk,0,
bneaonee,0,
edsdstik,0,
sgkmitgs,0,
auomsiou,0,
apednern,0,
krrhrnns,0,
eesgdues,0,
dssooqia,0,
aapiaiii,0,
tepaonus,0,
diazeaid,0,
qaohsusk,0,
daztaarx,0,
batnasoe,0,
eccreims,0,
vdriaiix,0,
aestuiia,0,
gyeraqmu,0,
bastsroi,0,
oosmedei,0,
oertesrk,0,
aeundidi,0,
anqoeens,0,
bdpdnitn,0,
oaemuaiu,0,
baqaitme,0,
peiaragi,0,
faitiuee,0,
aarouods,0,
aultetdk,0,
feaaiuts,0,
gqsrosni,0,